Email,Password
123,b'gAAAAABeFcA4T7rr-qJx6uqgH_1Y7OUDq2ms2NHBnBKjS6ZvkgisTkrSNDCxNXZ6i0Guiqm5a0vDszufyCIrSs2ov0Fy6JZWlA=='
967,b'gAAAAABeFcA9TTxb7IFdBw1TiK0FQSPbxjdW0WDviCmSGBNc41sox15qI2JYRwBD9qUGpgfw8EO7zAwWKXqpOsr-EDaG-zAjng=='
4786083,b'gAAAAABeFcBGbOPfNjujjr-ql-Dz7r7u8QE81W16qj_Ot_tJctuuNHnR6zPn2nmqEMOQx39PMiKGBvg1HyrO2fPWvUnA9hbM-A=='
ohsdvf,b'gAAAAABeFcBKKdadKOI4CxaCNU9ToYnvLQ4cUHcdi0tfQdrf6fkRlDNCBd3OrckIGSlZfKBqInPjF8WGQZhHdw9Gfb-R2l64Qw=='
oihsa,b'gAAAAABeFcBNj64rgDU1bDMu4iyWpwGP-MRhxKcikKYEXtTa4P5i9ALoHfh14BSPEK8ZpKuwuLUYL3F55qB4kmUDPJW_AGI02Q=='
;isdhi,b'gAAAAABeFcBQ5J-sgU4DXlnS67EOjpsauIa2yDq2EiixLVJKcPG3tWPhsFFxj1_tGtAncvEKB-zN8dz-U1qnHjVs-2vDfhUpyA=='
ilhsdfsdk,b'gAAAAABeFcBSdCpfaPu_j6wwg2ftdHhwPdvdDUApvcLcSruUu6ZRMl88uvcQ1pFDL2R9Yc_LSMbZJA4Bvc-mKgjXRvVWfR_MNA=='
ihweu_=-,b'gAAAAABeFcBaEPCLVcJMWYe1pSgCWF47_EKRd8LyB7ZC-p-OpzxOp4FUU32NtsRlG7QgNC0R5-1txA2WxekCCP3tdU0eM871Zw=='
ur,b'gAAAAABeFcBeG88OaSm96LpAV2RoEEGqfe9GNZ0VzFI30baQy10GuNyi-9XlVaLC4TRU2rHJr7Anp6wAnE4YY94qH6LAbCV4jA=='
];]'',b'gAAAAABeFcBkJQ_wgduRp2dkbxffDFqY8xBBvITs7drtLvZgOxMPsag3l-hXhv0i4QfAhIWgRgJluZ73YDUQPc1SFOazzreYlw=='
